obs,acts,infos,rews,terminal
"[0.0011960029369220138, 1.4019743204116821, 0.12114020437002182, -0.3975936770439148, -0.001379218534566462, -0.02744004689157009, 0.0, 0.0]",2,{},2.1596053,True
"[0.002408790634945035, 1.393447756767273, 0.12256826460361481, -0.3789592683315277, -0.0026593301445245743, -0.02560434862971306, 0.0, 0.0]",1,{},-1.4119297,True
"[0.00355949392542243, 1.384322166442871, 0.11478307098150253, -0.4055837094783783, -0.002376420423388481, 0.0056587401777505875, 0.0, 0.0]",1,{},-1.2061827,True
"[0.004634380340576172, 1.374589443206787, 0.10528060048818588, -0.43256378173828125, -0.00018928259669337422, 0.04374685138463974, 0.0, 0.0]",2,{},1.6106712,True
"[0.005691814236342907, 1.3651106357574463, 0.10361752659082413, -0.4212798774242401, 0.001913229818455875, 0.04205412417650223, 0.0, 0.0]",2,{},4.3394117,True
"[0.0067237853072583675, 1.356542706489563, 0.1011790782213211, -0.380801796913147, 0.003903578035533428, 0.039810653775930405, 0.0, 0.0]",2,{},0.41523644,True
"[0.007908630184829235, 1.3481026887893677, 0.11572781950235367, -0.37512001395225525, 0.00663308659568429, 0.05459505319595337, 0.0, 0.0]",2,{},1.637972,True
"[0.008954524993896484, 1.3398858308792114, 0.10248394310474396, -0.36520490050315857, 0.008717364631593227, 0.04168923199176788, 0.0, 0.0]",2,{},0.13157448,True
"[0.009974384680390358, 1.3316072225570679, 0.09998071193695068, -0.36795008182525635, 0.010693059302866459, 0.03951764106750488, 0.0, 0.0]",2,{},2.475963,True
"[0.010988903231918812, 1.3238389492034912, 0.09944264590740204, -0.3452686071395874, 0.012681358493864536, 0.039769791066646576, 0.0, 0.0]",2,{},2.1601996,True
"[0.012021636590361595, 1.3165384531021118, 0.10112345218658447, -0.32448381185531616, 0.014798393473029137, 0.04234487935900688, 0.0, 0.0]",2,{},2.5215511,True
"[0.013154411688446999, 1.3098872900009155, 0.11059963703155518, -0.2956404685974121, 0.017447859048843384, 0.05299414321780205, 0.0, 0.0]",2,{},-0.04560811,True
"[0.014281844720244408, 1.3031960725784302, 0.11005823314189911, -0.29742154479026794, 0.02010246179997921, 0.05309706926345825, 0.0, 0.0]",2,{},2.998659,True
"[0.015255356207489967, 1.2970761060714722, 0.09532193839550018, -0.2720335125923157, 0.02210518904030323, 0.04005834460258484, 0.0, 0.0]",2,{},2.638484,True
"[0.016204167157411575, 1.2915549278259277, 0.09288834035396576, -0.2454138696193695, 0.024075690656900406, 0.039413612335920334, 0.0, 0.0]",1,{},-2.0006258,True
"[0.0170624740421772, 1.2854361534118652, 0.08154233545064926, -0.27201777696609497, 0.02831697091460228, 0.08483313024044037, 0.0, 0.0]",3,{},-2.388457,True
"[0.01799039915204048, 1.278722882270813, 0.09028825163841248, -0.29841938614845276, 0.030799347907304764, 0.049651890993118286, 0.0, 0.0]",1,{},-2.0747194,True
"[0.018838118761777878, 1.2714062929153442, 0.08022084832191467, -0.3252832591533661, 0.03529985249042511, 0.09001827985048294, 0.0, 0.0]",3,{},-2.3055353,True
"[0.019745731726288795, 1.2634897232055664, 0.0877339094877243, -0.35192427039146423, 0.038290951400995255, 0.05982755869626999, 0.0, 0.0]",2,{},3.5572834,True
"[0.020732879638671875, 1.256438136100769, 0.09514745324850082, -0.3134975731372833, 0.041829947382211685, 0.0707859992980957, 0.0, 0.0]",2,{},4.24202,True
"[0.021586323156952858, 1.2502951622009277, 0.08220816403627396, -0.27310991287231445, 0.04494137689471245, 0.06223420426249504, 0.0, 0.0]",3,{},-2.3000028,True
"[0.02251596376299858, 1.2435524463653564, 0.0917465016245842, -0.2997116148471832, 0.046141207218170166, 0.023998867720365524, 0.0, 0.0]",2,{},2.5485647,True
"[0.023467540740966797, 1.2373871803283691, 0.09367257356643677, -0.27406349778175354, 0.04761229082942009, 0.029424449428915977, 0.0, 0.0]",1,{},-1.9593854,True
"[0.024326801300048828, 1.2306201457977295, 0.08211132138967514, -0.3008844256401062, 0.05139760673046112, 0.07571306079626083, 0.0, 0.0]",3,{},-2.3233752,True
"[0.02525920793414116, 1.2232472896575928, 0.09126001596450806, -0.3277498483657837, 0.05335310846567154, 0.03911340609192848, 0.0, 0.0]",2,{},2.5913818,True
"[0.026087665930390358, 1.2163652181625366, 0.08116336911916733, -0.30592843890190125, 0.055008698254823685, 0.03311217948794365, 0.0, 0.0]",3,{},-2.0705707,True
"[0.02697763405740261, 1.2088818550109863, 0.08889400959014893, -0.3325950801372528, 0.05511850118637085, 0.002196121495217085, 0.0, 0.0]",2,{},3.468501,True
"[0.027942847460508347, 1.2021883726119995, 0.09581352025270462, -0.29751381278038025, 0.05581149831414223, 0.013859991915524006, 0.0, 0.0]",2,{},2.7594113,True
"[0.028699874877929688, 1.1959298849105835, 0.07579823583364487, -0.2781532406806946, 0.055721741169691086, -0.001795347430743277, 0.0, 0.0]",0,{},-1.8878853,True
"[0.02945699729025364, 1.1890712976455688, 0.07579823583364487, -0.30481988191604614, 0.05563196912407875, -0.0017953261267393827, 0.0, 0.0]",2,{},4.6894364,True
"[0.03010549582540989, 1.1831660270690918, 0.06518623977899551, -0.2624453902244568, 0.055307768285274506, -0.006484172306954861, 0.0, 0.0]",2,{},1.2400707,True
"[0.030842971056699753, 1.1775461435317993, 0.07351060211658478, -0.24978822469711304, 0.05554536357522011, 0.004751658067107201, 0.0, 0.0]",3,{},-2.0860794,True
"[0.031668566167354584, 1.1713237762451172, 0.08454407006502151, -0.27646973729133606, 0.05357708781957626, -0.039365462958812714, 0.0, 0.0]",1,{},-1.70885,True
"[0.03240976482629776, 1.1644914150238037, 0.07396522164344788, -0.30366945266723633, 0.05373514071106911, 0.0031613067258149385, 0.0, 0.0]",3,{},-1.9009237,True
"[0.03322458267211914, 1.157064437866211, 0.08319121599197388, -0.3300272226333618, 0.05204197019338608, -0.03386351466178894, 0.0, 0.0]",2,{},3.5697815,True
"[0.03395652770996094, 1.1502891778945923, 0.07509365677833557, -0.30105477571487427, 0.05016728490591049, -0.03749385103583336, 0.0, 0.0]",2,{},1.3441674,True
"[0.03473024442791939, 1.1437309980392456, 0.078942209482193, -0.29142192006111145, 0.04861180856823921, -0.031109625473618507, 0.0, 0.0]",1,{},-1.7392108,True
"[0.03540821000933647, 1.1365690231323242, 0.06693568825721741, -0.31834298372268677, 0.04946261644363403, 0.017016451805830002, 0.0, 0.0]",2,{},2.4539256,True
"[0.035900019109249115, 1.1298103332519531, 0.049040939658880234, -0.3003832995891571, 0.04960682615637779, 0.0028841786552220583, 0.0, 0.0]",3,{},-1.8403165,True
"[0.0364842414855957, 1.1224650144577026, 0.06062502786517143, -0.32638880610466003, 0.04742160066962242, -0.043704692274332047, 0.0, 0.0]",2,{},3.7733216,True
"[0.036954499781131744, 1.115796685218811, 0.049582310020923615, -0.2962919771671295, 0.04489719495177269, -0.05048804730176926, 0.0, 0.0]",2,{},2.1174834,True
"[0.03737001493573189, 1.1094553470611572, 0.044228434562683105, -0.281760036945343, 0.042248018085956573, -0.05298341065645218, 0.0, 0.0]",1,{},-1.8041024,True
"[0.03768768161535263, 1.1025158166885376, 0.031962987035512924, -0.3084193766117096, 0.04205284267663956, -0.00390327419154346, 0.0, 0.0]",1,{},-1.9831862,True
"[0.03794135898351669, 1.0949822664260864, 0.023943016305565834, -0.3348625600337982, 0.04345879331231117, 0.028119031339883804, 0.0, 0.0]",2,{},3.3682907,True
"[0.038260459899902344, 1.0881783962249756, 0.03000457212328911, -0.30245158076286316, 0.04534576088190079, 0.03773926943540573, 0.0, 0.0]",2,{},0.887544,True
"[0.0384700782597065, 1.0815058946609497, 0.019450461491942406, -0.29660189151763916, 0.04682847857475281, 0.02965427376329899, 0.0, 0.0]",2,{},1.106937,True
"[0.038814544677734375, 1.0750830173492432, 0.03219408541917801, -0.28553757071495056, 0.049057722091674805, 0.04458495229482651, 0.0, 0.0]",3,{},-2.117673,True
"[0.03924904018640518, 1.0680575370788574, 0.04346444085240364, -0.3122422993183136, 0.04903334379196167, -0.00048714596778154373, 0.0, 0.0]",2,{},3.4453611,True
"[0.03963346406817436, 1.0617225170135498, 0.03851254656910896, -0.2815534472465515, 0.04897386208176613, -0.0011898567900061607, 0.0, 0.0]",2,{},4.1763897,True
"[0.04006395488977432, 1.0563076734542847, 0.042660344392061234, -0.24067187309265137, 0.04935644194483757, 0.0076515330001711845, 0.0, 0.0]",3,{},-2.0289876,True
"[0.0405852310359478, 1.050301432609558, 0.05404966324567795, -0.2668812572956085, 0.04745238274335861, -0.03808114677667618, 0.0, 0.0]",2,{},3.0854526,True
"[0.04117565229535103, 1.044954538345337, 0.06046624109148979, -0.23759056627750397, 0.046052876859903336, -0.027990221977233887, 0.0, 0.0]",1,{},-1.9616069,True
"[0.041670799255371094, 1.0389926433563232, 0.04848738759756088, -0.26500850915908813, 0.04706287384033203, 0.020199887454509735, 0.0, 0.0]",2,{},-0.10445396,True
"[0.0423063263297081, 1.033042550086975, 0.06178761646151543, -0.2645028829574585, 0.048810821026563644, 0.034958939999341965, 0.0, 0.0]",3,{},-2.099232,True
"[0.04303131252527237, 1.0265108346939087, 0.07302466034889221, -0.29028409719467163, 0.04829470068216324, -0.01032259501516819, 0.0, 0.0]",3,{},-1.9172428,True
"[0.04385538026690483, 1.0193766355514526, 0.08544149249792099, -0.3169794976711273, 0.04529538378119469, -0.059986453503370285, 0.0, 0.0]",2,{},3.3461895,True
"[0.0444910041987896, 1.0127469301223755, 0.0673171728849411, -0.2945483326911926, 0.04157939925789833, -0.07431962341070175, 0.0, 0.0]",2,{},3.0433967,True
"[0.04521055147051811, 1.0067261457443237, 0.07517318427562714, -0.26750218868255615, 0.03840713948011398, -0.06344550848007202, 0.0, 0.0]",1,{},-1.6020628,True
"[0.04584074020385742, 1.0001055002212524, 0.0639607310295105, -0.294225811958313, 0.0374794602394104, -0.018553253263235092, 0.0, 0.0]",2,{},3.216833,True
"[0.046439170837402344, 0.9941210746765137, 0.060780446976423264, -0.2659546434879303, 0.03654761239886284, -0.018636828288435936, 0.0, 0.0]",2,{},-0.052256655,True
"[0.04715413972735405, 0.9881100654602051, 0.07183302938938141, -0.2671434283256531, 0.03621969744563103, -0.006558242253959179, 0.0, 0.0]",1,{},-1.9183898,True
"[0.04779987409710884, 0.9814965128898621, 0.06314031034708023, -0.29397299885749817, 0.037633705884218216, 0.02828032337129116, 0.0, 0.0]",2,{},3.4773328,True
"[0.048322487622499466, 0.9755832552909851, 0.05124644562602043, -0.26283949613571167, 0.03862948343157768, 0.019915444776415825, 0.0, 0.0]",2,{},0.94416136,True
"[0.04864940792322159, 0.9697571992874146, 0.032522112131118774, -0.25894153118133545, 0.03880326822400093, 0.0034756578970700502, 0.0, 0.0]",2,{},3.6636631,True
"[0.0490838997066021, 0.9647764563560486, 0.04259051755070686, -0.22138847410678864, 0.039646975696086884, 0.01687408983707428, 0.0, 0.0]",0,{},-2.1529527,True
"[0.04951829835772514, 0.9591957330703735, 0.04259051755070686, -0.24805520474910736, 0.040490683168172836, 0.016874130815267563, 0.0, 0.0]",1,{},-2.159627,True
"[0.04988355562090874, 0.953021764755249, 0.03390992060303688, -0.27446433901786804, 0.043067410588264465, 0.0515344962477684, 0.0, 0.0]",2,{},3.912698,True
"[0.05023622512817383, 0.9477424621582031, 0.03251568228006363, -0.23471857607364655, 0.04578498750925064, 0.054351575672626495, 0.0, 0.0]",3,{},-2.3359914,True
"[0.0506497398018837, 0.9418569207191467, 0.040142375975847244, -0.2616174817085266, 0.046980857849121094, 0.023917431011795998, 0.0, 0.0]",2,{},2.6034849,True
"[0.05101823806762695, 0.9365224242210388, 0.03568670153617859, -0.23712590336799622, 0.04813583940267563, 0.023099711164832115, 0.0, 0.0]",0,{},-2.164901,True
"[0.05138683319091797, 0.9305879473686218, 0.035686708986759186, -0.2637926936149597, 0.049290820956230164, 0.023099707439541817, 0.0, 0.0]",2,{},0.77954763,True
"[0.051801394671201706, 0.924816370010376, 0.03995755687355995, -0.2565631568431854, 0.050774555653333664, 0.02967459335923195, 0.0, 0.0]",3,{},-2.106062,True
"[0.052276611328125, 0.9184529185295105, 0.047573886811733246, -0.28281736373901367, 0.050727054476737976, -0.0009504035115242004, 0.0, 0.0]",2,{},1.3855284,True
"[0.05283002927899361, 0.9123784899711609, 0.05487992241978645, -0.2699945569038391, 0.05117957293987274, 0.009050593711435795, 0.0, 0.0]",2,{},2.3566592,True
"[0.05321206897497177, 0.9067116975784302, 0.03838564082980156, -0.2518554925918579, 0.05099970102310181, -0.0035974234342575073, 0.0, 0.0]",2,{},1.9777058,True
"[0.05354804918169975, 0.9014226794242859, 0.03384090214967728, -0.23506207764148712, 0.05076102167367935, -0.004773676861077547, 0.0, 0.0]",3,{},-2.008867,True
"[0.05396747589111328, 0.8955316543579102, 0.04429766163229942, -0.2617374360561371, 0.04843111336231232, -0.04659818857908249, 0.0, 0.0]",0,{},-1.7543905,True
"[0.05438690260052681, 0.889041006565094, 0.04429769515991211, -0.28840452432632446, 0.04610120877623558, -0.046598177403211594, 0.0, 0.0]",2,{},4.741714,True
"[0.054772377014160156, 0.8835098147392273, 0.04084673151373863, -0.24575957655906677, 0.04383685067296028, -0.04528732970356941, 0.0, 0.0]",2,{},1.8527853,True
"[0.05510396882891655, 0.8782772421836853, 0.03558314964175224, -0.23248954117298126, 0.04144485667347908, -0.047839902341365814, 0.0, 0.0]",2,{},0.9640504,True
"[0.055333517491817474, 0.8731225728988647, 0.025760257616639137, -0.229019433259964, 0.03866757079958916, -0.05554572492837906, 0.0, 0.0]",0,{},-1.801192,True
"[0.05556297302246094, 0.8673680424690247, 0.02576029859483242, -0.2556867301464081, 0.035890284925699234, -0.05554573982954025, 0.0, 0.0]",2,{},4.0623345,True
"[0.0558965690433979, 0.8624738454818726, 0.03552841767668724, -0.21747112274169922, 0.03375654295086861, -0.04267497733235359, 0.0, 0.0]",1,{},-2.0004795,True
"[0.05616588518023491, 0.8569720983505249, 0.027445074170827866, -0.24450720846652985, 0.033245399594306946, -0.01022276934236288, 0.0, 0.0]",1,{},-2.1956556,True
"[0.05633869022130966, 0.8508657813072205, 0.015340211801230907, -0.2714328467845917, 0.035160377621650696, 0.03829946368932724, 0.0, 0.0]",2,{},3.3885467,True
"[0.056562043726444244, 0.8455312848091125, 0.02000788040459156, -0.23714831471443176, 0.037457965314388275, 0.045951880514621735, 0.0, 0.0]",3,{},-2.1850722,True
"[0.05687675625085831, 0.8396010994911194, 0.03147100284695625, -0.26356497406959534, 0.037457965314388275, 1.793773662939202e-07, 0.0, 0.0]",0,{},-2.0002108,True
"[0.05719146877527237, 0.8330709338188171, 0.03147100284695625, -0.2902316451072693, 0.037457969039678574, 1.627605286103062e-07, 0.0, 0.0]",2,{},3.890437,True
"[0.05734548717737198, 0.8273141384124756, 0.01599106937646866, -0.25584590435028076, 0.03687391057610512, -0.01168113388121128, 0.0, 0.0]",3,{},-1.9035037,True
"[0.05756054073572159, 0.8209559321403503, 0.02364913374185562, -0.2825363576412201, 0.0347575880587101, -0.04232622683048248, 0.0, 0.0]",2,{},3.1885848,True
"[0.05769472196698189, 0.8151888251304626, 0.015801705420017242, -0.2562580108642578, 0.03239479288458824, -0.047255806624889374, 0.0, 0.0]",3,{},-1.6812122,True
"[0.05790061876177788, 0.8088269233703613, 0.02481762133538723, -0.2826712727546692, 0.028224272653460503, -0.08341045677661896, 0.0, 0.0]",2,{},4.3488,True
"[0.05806703492999077, 0.8032874464988708, 0.020919127389788628, -0.2461259961128235, 0.023994792252779007, -0.0845896452665329, 0.0, 0.0]",1,{},-1.8657001,True
"[0.0581454262137413, 0.797136664390564, 0.00988001562654972, -0.2733352780342102, 0.02198036015033722, -0.04028862342238426, 0.0, 0.0]",2,{},2.569383,True
"[0.058139897882938385, 0.7914475202560425, 0.0018119828309863806, -0.2528179883956909, 0.019650178030133247, -0.04660361260175705, 0.0, 0.0]",2,{},4.599882,True
"[0.05817756801843643, 0.7867106795310974, 0.00582454539835453, -0.21050292253494263, 0.017613621428608894, -0.04073099046945572, 0.0, 0.0]",2,{},2.420253,True
"[0.05819301679730415, 0.7824424505233765, 0.0036480543203651905, -0.18968233466148376, 0.01553255133330822, -0.04162142425775528, 0.0, 0.0]",1,{},-2.155922,True
"[0.05813245847821236, 0.7775840163230896, -0.0058706821873784065, -0.21592387557029724, 0.015355013310909271, -0.0035507928114384413, 0.0, 0.0]",3,{},-1.8670795,True
"[0.058155156672000885, 0.7721378803253174, 0.004566380754113197, -0.2420312613248825, 0.013084287755191326, -0.045414526015520096, 0.0, 0.0]",2,{},3.2485611,True
"[0.058272458612918854, 0.7673516869544983, 0.013528360053896904, -0.21270492672920227, 0.01130202878266573, -0.035644955933094025, 0.0, 0.0]",1,{},-2.125873,True
"[0.05830192565917969, 0.7619736790657043, 0.002531625097617507, -0.23902185261249542, 0.011720414273440838, 0.00836750864982605, 0.0, 0.0]",2,{},0.6852941,True
"[0.05849447101354599, 0.7567430138587952, 0.01804332435131073, -0.23248407244682312, 0.012920038774609566, 0.023992406204342842, 0.0, 0.0]",2,{},-0.070072584,True
"[0.05861473083496094, 0.7514557242393494, 0.0111223254352808, -0.23499642312526703, 0.013806608505547047, 0.01773141138255596, 0.0, 0.0]",2,{},0.54014933,True
"[0.058877088129520416, 0.7463017106056213, 0.024644870311021805, -0.22907811403274536, 0.015382306650280952, 0.03151373565196991, 0.0, 0.0]",2,{},1.4104809,True
"[0.059221744537353516, 0.7414960265159607, 0.03243626281619072, -0.21360868215560913, 0.017383452504873276, 0.04002278670668602, 0.0, 0.0]",3,{},-2.243634,True
"[0.05963573604822159, 0.7361010313034058, 0.041146375238895416, -0.23977960646152496, 0.01763724721968174, 0.005076075904071331, 0.0, 0.0]",3,{},-2.0447001,True
"[0.060117531567811966, 0.730110764503479, 0.049651555716991425, -0.2662227153778076, 0.016186533495783806, -0.029014263302087784, 0.0, 0.0]",1,{},-1.847456,True
"[0.06053886562585831, 0.7235309481620789, 0.04206227511167526, -0.2924345135688782, 0.016252685338258743, 0.001323128817602992, 0.0, 0.0]",2,{},1.1918714,True
"[0.06109619140625, 0.7172154188156128, 0.05498119071125984, -0.2806989848613739, 0.01699131913483143, 0.014772633090615273, 0.0, 0.0]",2,{},2.042229,True
"[0.06157360225915909, 0.7112787961959839, 0.04731316864490509, -0.2638557553291321, 0.01741185411810875, 0.008410687558352947, 0.0, 0.0]",3,{},-1.9911433,True
"[0.06211414188146591, 0.7047514915466309, 0.05524970963597298, -0.29008805751800537, 0.016240354627370834, -0.02343009039759636, 0.0, 0.0]",2,{},0.95685154,True
"[0.06264104694128036, 0.6983335018157959, 0.053898632526397705, -0.2852320373058319, 0.01504068449139595, -0.023993398994207382, 0.0, 0.0]",2,{},4.1835966,True
"[0.06316900253295898, 0.6927937269210815, 0.05394387245178223, -0.2461983561515808, 0.01391544658690691, -0.022504664957523346, 0.0, 0.0]",3,{},-1.9457153,True
"[0.06375894695520401, 0.6866493821144104, 0.06170359253883362, -0.27305352687835693, 0.011237366124987602, -0.05356176942586899, 0.0, 0.0]",2,{},1.6571695,True
"[0.06418905407190323, 0.6806721091270447, 0.04644775390625, -0.26563820242881775, 0.007846941240131855, -0.06780833005905151, 0.0, 0.0]",1,{},-1.6886504,True
"[0.06454124301671982, 0.6741042137145996, 0.03668166324496269, -0.2919001281261444, 0.0064110783860087395, -0.028717488050460815, 0.0, 0.0]",2,{},2.5970712,True
"[0.06483344733715057, 0.6680019497871399, 0.030937805771827698, -0.2712046504020691, 0.004718767013400793, -0.03384614363312721, 0.0, 0.0]",2,{},4.7274675,True
"[0.06501579284667969, 0.6628478169441223, 0.020439015701413155, -0.2290688306093216, 0.0025408605579286814, -0.04355800524353981, 0.0, 0.0]",2,{},2.8507295,True
"[0.06512365490198135, 0.6582322716712952, 0.013334842398762703, -0.20513445138931274, 2.7766045604948886e-05, -0.050261907279491425, 0.0, 0.0]",1,{},-2.143617,True
"[0.06515340507030487, 0.6530267596244812, 0.0035404530353844166, -0.23135747015476227, -0.0005238444427959621, -0.011032403446733952, 0.0, 0.0]",2,{},2.11666,True
"[0.06533193588256836, 0.648271918296814, 0.017712900415062904, -0.21132487058639526, -0.00038923369720578194, 0.002692260779440403, 0.0, 0.0]",2,{},0.83602226,True
"[0.06558780372142792, 0.6436819434165955, 0.025092408061027527, -0.203995481133461, 0.00010273607767885551, 0.009839070960879326, 0.0, 0.0]",2,{},-0.17379706,True
"[0.06588039547204971, 0.6390419602394104, 0.02859404683113098, -0.2062217742204666, 0.0007649193285033107, 0.013243593275547028, 0.0, 0.0]",1,{},-2.323943,True
"[0.0660984069108963, 0.6337995529174805, 0.019224483519792557, -0.23299573361873627, 0.003303522476926446, 0.050772130489349365, 0.0, 0.0]",3,{},-2.2854548,True
"[0.06638450920581818, 0.6279537677764893, 0.027766350656747818, -0.2598183751106262, 0.004131688270717859, 0.016563493758440018, 0.0, 0.0]",2,{},2.603809,True
"[0.06663914024829865, 0.6226548552513123, 0.02475702576339245, -0.23550660908222198, 0.004829363897442818, 0.013953514397144318, 0.0, 0.0]",1,{},-2.3749008,True
"[0.06679783016443253, 0.6167445778846741, 0.012718168087303638, -0.26269540190696716, 0.007938927970826626, 0.06219136714935303, 0.0, 0.0]",3,{},-2.21194,True
"[0.06704302132129669, 0.6102339029312134, 0.023561086505651474, -0.28937238454818726, 0.008877146057784557, 0.018764162436127663, 0.0, 0.0]",2,{},0.083129175,True
"[0.06744928658008575, 0.6037407517433167, 0.03890104964375496, -0.28859710693359375, 0.010577667504549026, 0.03401034325361252, 0.0, 0.0]",2,{},0.9674507,True
"[0.0677512139081955, 0.5973940491676331, 0.028936877846717834, -0.2820826768875122, 0.011820332147181034, 0.024853482842445374, 0.0, 0.0]",2,{},2.5966625,True
"[0.06800232082605362, 0.5915853977203369, 0.02404886670410633, -0.2581722140312195, 0.012869532220065594, 0.02098420448601246, 0.0, 0.0]",2,{},1.7722431,True
"[0.06814994663000107, 0.5861188769340515, 0.014145292341709137, -0.2429613620042801, 0.013477552682161331, 0.012160277925431728, 0.0, 0.0]",2,{},0.51908654,True
"[0.06841488182544708, 0.5807653665542603, 0.02530127763748169, -0.23794636130332947, 0.01465817540884018, 0.023612331598997116, 0.0, 0.0]",3,{},-2.1342967,True
"[0.06874237209558487, 0.5748134851455688, 0.03313620388507843, -0.2645238935947418, 0.014269397594034672, -0.0077753374353051186, 0.0, 0.0]",3,{},-1.9442829,True
"[0.06914444267749786, 0.5682571530342102, 0.04249470680952072, -0.2913743555545807, 0.012007647193968296, -0.04523513838648796, 0.0, 0.0]",2,{},2.6711988,True
"[0.06946468353271484, 0.5621557831764221, 0.034663014113903046, -0.2711559236049652, 0.00940705370157957, -0.05201181769371033, 0.0, 0.0]",2,{},1.5048862,True
"[0.06984338909387589, 0.5562987327575684, 0.04020444303750992, -0.2602981626987457, 0.0071012466214597225, -0.046116046607494354, 0.0, 0.0]",2,{},1.0597298,True
"[0.07033900916576385, 0.5506303310394287, 0.05132881551980972, -0.2519203722476959, 0.005353578366339207, -0.03495332598686218, 0.0, 0.0]",2,{},3.3015265,True
"[0.07067728042602539, 0.5455536246299744, 0.03631150722503662, -0.22562551498413086, 0.002897966420277953, -0.04911213368177414, 0.0, 0.0]",0,{},-1.8322942,True
"[0.07101555168628693, 0.5398769974708557, 0.03631151095032692, -0.2522927224636078, 0.0004423529899213463, -0.049112122505903244, 0.0, 0.0]",2,{},3.8858092,True
"[0.07149247825145721, 0.5351291298866272, 0.04952169582247734, -0.21101802587509155, -0.0013696604873985052, -0.036240123212337494, 0.0, 0.0]",1,{},-1.8823624,True
"[0.07188244163990021, 0.5297791361808777, 0.038626205176115036, -0.23777775466442108, -0.0009997199522331357, 0.007398604415357113, 0.0, 0.0]",1,{},-1.9788148,True
"[0.0722072571516037, 0.5238283276557922, 0.03044978342950344, -0.26447969675064087, 0.0010076500475406647, 0.040147412568330765, 0.0, 0.0]",3,{},-2.1426816,True
"[0.07259216159582138, 0.5172850489616394, 0.03798342123627663, -0.2908129394054413, 0.0015061688609421253, 0.0099704060703516, 0.0, 0.0]",2,{},0.18837647,True
"[0.07287254184484482, 0.5106802582740784, 0.028019491583108902, -0.29354768991470337, 0.001523846061900258, 0.0003536547883413732, 0.0, 0.0]",2,{},3.4329207,True
"[0.07301530987024307, 0.5047493577003479, 0.014892791397869587, -0.26359549164772034, 0.0009110025712288916, -0.012256817892193794, 0.0, 0.0]",2,{},1.2837209,True
"[0.07332830131053925, 0.49908745288848877, 0.031122732907533646, -0.25164127349853516, 0.0010885862866416574, 0.003551417961716652, 0.0, 0.0]",2,{},1.4089456,True
"[0.07345914840698242, 0.49363991618156433, 0.013761159963905811, -0.24211011826992035, 0.00042662033229134977, -0.013239522464573383, 0.0, 0.0]",3,{},-2.340023,True
"[0.07366933673620224, 0.4875941276550293, 0.023705150932073593, -0.2687050700187683, -0.0022268141619861126, -0.0530683770775795, 0.0, 0.0]",2,{},3.2560027,True
"[0.07394561916589737, 0.48230424523353577, 0.030012916773557663, -0.2351120263338089, -0.004583649802953005, -0.0471368283033371, 0.0, 0.0]",2,{},1.7428713,True
"[0.0742771178483963, 0.4774359464645386, 0.03529799357056618, -0.2163763791322708, -0.006698931101709604, -0.0423058345913887, 0.0, 0.0]",1,{},-2.0158625,True
"[0.07452592998743057, 0.4719650149345398, 0.024917807430028915, -0.24315136671066284, -0.006735764443874359, -0.0007365522906184196, 0.0, 0.0]",2,{},4.1852994,True
"[0.07494612038135529, 0.467454195022583, 0.041279956698417664, -0.20047827064990997, -0.00601225858554244, 0.01447035651654005, 0.0, 0.0]",2,{},-0.34252214,True
"[0.07553128898143768, 0.4628831148147583, 0.05701742321252823, -0.20315556228160858, -0.004535385873168707, 0.02953752502799034, 0.0, 0.0]",2,{},0.5356811,True
"[0.07627401500940323, 0.45846685767173767, 0.07205095142126083, -0.19627374410629272, -0.002339833416044712, 0.043910913169384, 0.0, 0.0]",3,{},-2.4047956,True
"[0.07710637897253036, 0.4534606337547302, 0.08328025788068771, -0.2224995493888855, -0.0023927404545247555, -0.0010578647488728166, 0.0, 0.0]",2,{},2.0900412,True
"[0.07782554626464844, 0.44884636998176575, 0.0725059062242508, -0.20507670938968658, -0.002976024989038706, -0.011665613390505314, 0.0, 0.0]",2,{},2.9620154,True
"[0.07848034054040909, 0.44489407539367676, 0.06638563424348831, -0.17565903067588806, -0.0038682222366333008, -0.01784391887485981, 0.0, 0.0]",2,{},2.90469,True
"[0.07900657504796982, 0.44156837463378906, 0.05414412543177605, -0.1478145271539688, -0.005369635298848152, -0.030028412118554115, 0.0, 0.0]",1,{},-1.7376438,True
"[0.07943534851074219, 0.4376477003097534, 0.04192040115594864, -0.17425332963466644, -0.00442263949662447, 0.018939819186925888, 0.0, 0.0]",1,{},-1.6322563,True
"[0.07976599037647247, 0.433127760887146, 0.029602672904729843, -0.20087851583957672, -0.0010087884729728103, 0.06827697157859802, 0.0, 0.0]",3,{},-2.3075464,True
"[0.08018426597118378, 0.4279974699020386, 0.040595609694719315, -0.2280108630657196, 0.00020336839952506125, 0.024243289604783058, 0.0, 0.0]",2,{},1.8809307,True
"[0.08056068420410156, 0.42326846718788147, 0.036613721400499344, -0.2101791948080063, 0.0012231477303430438, 0.02039574459195137, 0.0, 0.0]",2,{},0.19394773,True
"[0.08094196021556854, 0.41857433319091797, 0.03707350045442581, -0.20863011479377747, 0.0022678887471556664, 0.020894641056656837, 0.0, 0.0]",2,{},1.5003327,True
"[0.08123026043176651, 0.41417527198791504, 0.0281977616250515, -0.19551435112953186, 0.0028885912615805864, 0.012414181604981422, 0.0, 0.0]",3,{},-2.1889596,True
"[0.08160972595214844, 0.40917766094207764, 0.039631374180316925, -0.2221170961856842, 0.0012194820446893573, -0.033382050693035126, 0.0, 0.0]",0,{},-2.0113175,True
"[0.0819890946149826, 0.4035799205303192, 0.039631374180316925, -0.24878397583961487, -0.0004496276960708201, -0.033381976187229156, 0.0, 0.0]",0,{},-2.2040844,True
"[0.08236856758594513, 0.39738237857818604, 0.039631374180316925, -0.2754508852958679, -0.0021187325473874807, -0.033382002264261246, 0.0, 0.0]",2,{},3.3436334,True
"[0.08261976391077042, 0.39190709590911865, 0.02742111310362816, -0.24334850907325745, -0.004389205016195774, -0.04540952667593956, 0.0, 0.0]",2,{},2.2690256,True
"[0.08293256908655167, 0.38696974515914917, 0.0333150215446949, -0.21944795548915863, -0.006389545276761055, -0.04000706970691681, 0.0, 0.0]",2,{},3.35419,True
"[0.08318281173706055, 0.3828050196170807, 0.027373064309358597, -0.18510890007019043, -0.00870638620108366, -0.04633688926696777, 0.0, 0.0]",2,{},3.9146574,True
"[0.08332128822803497, 0.37955939769744873, 0.016754569485783577, -0.1442723125219345, -0.01158107165247202, -0.05749351531267166, 0.0, 0.0]",1,{},-2.398309,True
"[0.0833924263715744, 0.375705748796463, 0.00832070130854845, -0.17128346860408783, -0.01276836171746254, -0.023745926097035408, 0.0, 0.0]",2,{},1.4798614,True
"[0.08345337212085724, 0.3722039461135864, 0.007378102280199528, -0.15564441680908203, -0.014040544629096985, -0.025443676859140396, 0.0, 0.0]",2,{},-0.35998112,True
"[0.08356046676635742, 0.36864131689071655, 0.011803288012742996, -0.15834972262382507, -0.015122376382350922, -0.021636435762047768, 0.0, 0.0]",2,{},-0.14844096,True
"[0.08363752067089081, 0.36505845189094543, 0.00897231139242649, -0.15924960374832153, -0.016369817778468132, -0.024949058890342712, 0.0, 0.0]",3,{},-2.6963313,True
"[0.08380289375782013, 0.3608821630477905, 0.020048659294843674, -0.1856546550989151, -0.01983354613184929, -0.06927452236413956, 0.0, 0.0]",1,{},-2.238368,True
"[0.08389119803905487, 0.3561202585697174, 0.010365827940404415, -0.21166068315505981, -0.02135353907942772, -0.03039989247918129, 0.0, 0.0]",2,{},-0.23236519,True
"[0.08410511165857315, 0.35131174325942993, 0.022378921508789062, -0.213723286986351, -0.02232879027724266, -0.019504837691783905, 0.0, 0.0]",3,{},-2.5250325,True
"[0.08439388126134872, 0.345910906791687, 0.03175411373376846, -0.24008339643478394, -0.02517847530543804, -0.05699371546506882, 0.0, 0.0]",2,{},2.8094735,True
"[0.08453015983104706, 0.3411581218242645, 0.01732468791306019, -0.21130217611789703, -0.028829578310251236, -0.0730222836136818, 0.0, 0.0]",0,{},-2.507976,True
"[0.08466644585132599, 0.33580541610717773, 0.017324641346931458, -0.23796993494033813, -0.03248070180416107, -0.07302221655845642, 0.0, 0.0]",2,{},1.4251298,True
"[0.08480682224035263, 0.33081910014152527, 0.017819229513406754, -0.22170306742191315, -0.03620913624763489, -0.07456892728805542, 0.0, 0.0]",2,{},2.073458,True
"[0.08498134464025497, 0.3263634145259857, 0.021189894527196884, -0.19812671840190887, -0.03990631178021431, -0.07394345104694366, 0.0, 0.0]",0,{},-2.538623,True
"[0.08515586704015732, 0.32130783796310425, 0.021189827471971512, -0.22479452192783356, -0.04360348358750343, -0.0739433690905571, 0.0, 0.0]",1,{},-2.2069683,True
"[0.08524055778980255, 0.3156532347202301, 0.009940633550286293, -0.2513599991798401, -0.0450483076274395, -0.02889678254723549, 0.0, 0.0]",1,{},-2.025341,True
"[0.0852450355887413, 0.30939531326293945, -0.00012690269795712084, -0.27811381220817566, -0.04448053613305092, 0.011355452239513397, 0.0, 0.0]",2,{},2.1338863,True
"[0.08523540198802948, 0.30355024337768555, -0.0013330080546438694, -0.25976917147636414, -0.0441167838871479, 0.007275203708559275, 0.0, 0.0]",2,{},2.9894614,True
"[0.08520593494176865, 0.29833030700683594, -0.0030534889083355665, -0.2319941520690918, -0.044010985642671585, 0.0021160817705094814, 0.0, 0.0]",2,{},1.0250218,True
"[0.08528546988964081, 0.29329076409339905, 0.007437927182763815, -0.22396448254585266, -0.04350750148296356, 0.010069822892546654, 0.0, 0.0]",2,{},3.4731967,True
"[0.08541564643383026, 0.2890022397041321, 0.012453356757760048, -0.19058509171009064, -0.04295067861676216, 0.011136278510093689, 0.0, 0.0]",0,{},-2.1412778,True
"[0.08554582297801971, 0.2841137647628784, 0.012453353963792324, -0.2172517627477646, -0.04239386320114136, 0.011136285960674286, 0.0, 0.0]",3,{},-2.3289511,True
"[0.08573999255895615, 0.27862709760665894, 0.020476996898651123, -0.24388408660888672, -0.043441880494356155, -0.020960422232747078, 0.0, 0.0]",2,{},1.0258161,True
"[0.0858733206987381, 0.27334994077682495, 0.014792963862419128, -0.23458053171634674, -0.04487905651330948, -0.028743639588356018, 0.0, 0.0]",2,{},2.8519015,True
"[0.0862269401550293, 0.2687591314315796, 0.035959333181381226, -0.20405429601669312, -0.04547659680247307, -0.011950629763305187, 0.0, 0.0]",1,{},-1.8629613,True
"[0.08649329841136932, 0.2635691165924072, 0.02502845786511898, -0.2306194305419922, -0.043885596096515656, 0.03181992843747139, 0.0, 0.0]",2,{},1.4265102,True
"[0.0867215171456337, 0.2586277723312378, 0.02150600217282772, -0.21957595646381378, -0.04258563369512558, 0.02599913254380226, 0.0, 0.0]",2,{},0.7294919,True
"[0.08709049224853516, 0.25381672382354736, 0.035029686987400055, -0.2137734293937683, -0.04073042422533035, 0.03710418567061424, 0.0, 0.0]",2,{},0.57784325,True
"[0.08760003745555878, 0.24911314249038696, 0.04850102216005325, -0.20898304879665375, -0.03831508755683899, 0.048306819051504135, 0.0, 0.0]",1,{},-1.479463,True
"[0.08803071826696396, 0.243820458650589, 0.038614578545093536, -0.23512472212314606, -0.03391367197036743, 0.08802838623523712, 0.0, 0.0]",2,{},2.0374467,True
"[0.0883568748831749, 0.2388363480567932, 0.02874154783785343, -0.22143489122390747, -0.03009059466421604, 0.07646159827709198, 0.0, 0.0]",3,{},-2.0929542,True
"[0.08875274658203125, 0.23324933648109436, 0.03748428076505661, -0.2482711225748062, -0.028019526973366737, 0.041421569883823395, 0.0, 0.0]",2,{},3.6566596,True
"[0.08899955451488495, 0.2283894568681717, 0.02339349314570427, -0.215969055891037, -0.026752043515443802, 0.02534954808652401, 0.0, 0.0]",2,{},1.6363425,True
"[0.0893523246049881, 0.22386997938156128, 0.03357543796300888, -0.2008368819952011, -0.025071801617741585, 0.033604931086301804, 0.0, 0.0]",2,{},1.078653,True
"[0.0898975357413292, 0.21961520612239838, 0.051989514380693436, -0.18906372785568237, -0.0225681159645319, 0.050073377788066864, 0.0, 0.0]",2,{},4.0973873,True
"[0.09042034298181534, 0.2162582278251648, 0.0499488040804863, -0.14916473627090454, -0.02027256041765213, 0.04591146111488342, 0.0, 0.0]",2,{},3.7149978,True
"[0.09098968654870987, 0.2138114720582962, 0.05449240282177925, -0.10871325433254242, -0.017855238169431686, 0.04834653437137604, 0.0, 0.0]",0,{},-1.9338689,True
"[0.09155912697315216, 0.2107648402452469, 0.054492391645908356, -0.13538041710853577, -0.015437906607985497, 0.04834652319550514, 0.0, 0.0]",2,{},2.1484308,True
"[0.09218540042638779, 0.20826803147792816, 0.05996506288647652, -0.1109437644481659, -0.012812224216759205, 0.05251379683613777, 0.0, 0.0]",3,{},-2.6322942,True
"[0.09290027618408203, 0.20516711473464966, 0.07108937203884125, -0.1378156691789627, -0.012415162287652493, 0.007941292598843575, 0.0, 0.0]",0,{},-2.065403,True
"[0.09361515194177628, 0.2014661580324173, 0.07108937203884125, -0.16448235511779785, -0.012018103152513504, 0.007941294461488724, 0.0, 0.0]",2,{},2.7644658,True
"[0.09449567645788193, 0.1986655741930008, 0.08692267537117004, -0.12446169555187225, -0.010910766199231148, 0.022146854549646378, 0.0, 0.0]",1,{},-1.2375318,True
"[0.09529523551464081, 0.19525888562202454, 0.07677827775478363, -0.15138840675354004, -0.007773061748594046, 0.06275420635938644, 0.0, 0.0]",3,{},-2.587495,True
"[0.09619303047657013, 0.1912505179643631, 0.08909424394369125, -0.17814746499061584, -0.007102006580680609, 0.013421098701655865, 0.0, 0.0]",2,{},1.3808126,True
"[0.09720392525196075, 0.18771401047706604, 0.09990604966878891, -0.15717282891273499, -0.005930647253990173, 0.02342737652361393, 0.0, 0.0]",2,{},2.1572716,True
"[0.09815464168787003, 0.18467138707637787, 0.09418274462223053, -0.13522404432296753, -0.005057814996689558, 0.017456529662013054, 0.0, 0.0]",3,{},-2.7401593,True
"[0.099195197224617, 0.18102873861789703, 0.10545749962329865, -0.16190151870250702, -0.0064429170452058315, -0.02770203910768032, 0.0, 0.0]",2,{},2.0107763,True
"[0.10024337470531464, 0.1780175119638443, 0.1062096580862999, -0.1338382512331009, -0.007816923782229424, -0.027480226010084152, 0.0, 0.0]",1,{},-1.24957,True
"[0.10120077431201935, 0.17440082132816315, 0.09482590109109879, -0.16073936223983765, -0.006911935284733772, 0.018099816516041756, 0.0, 0.0]",0,{},-1.9355547,True
"[0.10215816646814346, 0.17018403112888336, 0.09482590854167938, -0.18740610778331757, -0.006006929092109203, 0.018099796026945114, 0.0, 0.0]",2,{},1.5359331,True
"[0.10325022041797638, 0.16650588810443878, 0.10768262296915054, -0.16346992552280426, -0.00449991412460804, 0.030140453949570656, 0.0, 0.0]",3,{},-2.4176593,True
"[0.10440359264612198, 0.16222265362739563, 0.11537180095911026, -0.19036632776260376, -0.0045331488363444805, -0.0006645892281085253, 0.0, 0.0]",2,{},3.6422415,True
"[0.105382539331913, 0.15871046483516693, 0.09876517951488495, -0.15610018372535706, -0.005392204038798809, -0.017181042581796646, 0.0, 0.0]",0,{},-2.1025043,True
"[0.10636148601770401, 0.15459825098514557, 0.09876517951488495, -0.18276691436767578, -0.006251255050301552, -0.017181040719151497, 0.0, 0.0]",2,{},1.7527292,True
"[0.10717229545116425, 0.1507948786020279, 0.08276189863681793, -0.16904455423355103, -0.007905159145593643, -0.033078160136938095, 0.0, 0.0]",2,{},0.33413503,True
"[0.10795116424560547, 0.14709900319576263, 0.07972654700279236, -0.16427168250083923, -0.009724323637783527, -0.036383502185344696, 0.0, 0.0]",2,{},0.0013055321,True
"[0.1086762398481369, 0.14341336488723755, 0.07462748885154724, -0.1638217270374298, -0.01181002613157034, -0.04171403869986534, 0.0, 0.0]",1,{},-1.9161844,True
"[0.10932788997888565, 0.13912175595760345, 0.06539861857891083, -0.19074156880378723, -0.012048776261508465, -0.0047749741934239864, 0.0, 0.0]",2,{},2.5266204,True
"[0.10992021858692169, 0.1354130059480667, 0.059796445071697235, -0.1648363322019577, -0.012605264782905579, -0.011129776947200298, 0.0, 0.0]",2,{},1.4214679,True
"[0.11062411963939667, 0.13217861950397491, 0.07047555595636368, -0.14375261962413788, -0.012687144801020622, -0.0016375085106119514, 0.0, 0.0]",1,{},-1.6357914,True
"[0.11125221103429794, 0.12835593521595, 0.06095690652728081, -0.16988123953342438, -0.010860340669751167, 0.03653634339570999, 0.0, 0.0]",1,{},-1.533521,True
"[0.11178235709667206, 0.12392622232437134, 0.04866335541009903, -0.1968507319688797, -0.006572959944605827, 0.08574768900871277, 0.0, 0.0]",2,{},3.259483,True
"[0.1123567596077919, 0.12019623070955276, 0.05291661620140076, -0.16576585173606873, -0.0021065245382487774, 0.08932863175868988, 0.0, 0.0]",3,{},-2.4966848,True
"[0.11302976310253143, 0.11586335301399231, 0.0652812197804451, -0.19256864488124847, -0.0001164108034572564, 0.039802465587854385, 0.0, 0.0]",3,{},-2.5365367,True
"[0.11377372592687607, 0.11093202233314514, 0.07418238371610641, -0.21917040646076202, 9.112390398513526e-05, 0.004150747787207365, 0.0, 0.0]",2,{},1.0296823,True
"[0.1145898848772049, 0.10632728040218353, 0.08106870204210281, -0.2046559602022171, 0.0006333389901556075, 0.010844236239790916, 0.0, 0.0]",2,{},1.9030586,True
"[0.11543359607458115, 0.10225167870521545, 0.0836884081363678, -0.18113966286182404, 0.0013052072608843446, 0.013437260873615742, 0.0, 0.0]",1,{},-2.1875567,True
"[0.11621084064245224, 0.0975714772939682, 0.07535525411367416, -0.20801225304603577, 0.0036459979601204395, 0.046816058456897736, 0.0, 0.0]",3,{},-2.5951037,True
"[0.11706714332103729, 0.09230297803878784, 0.08526909351348877, -0.23415616154670715, 0.004000694490969181, 0.007093952503055334, 0.0, 0.0]",2,{},0.6131386,True
"[0.11791686713695526, 0.08719812333583832, 0.08463893085718155, -0.22688311338424683, 0.00433483999222517, 0.006682754959911108, 0.0, 0.0]",1,{},-2.1940536,True
"[0.11867771297693253, 0.08149495720863342, 0.0734763815999031, -0.2534840703010559, 0.006904318928718567, 0.051389504224061966, 0.0, 0.0]",2,{},1.8210025,True
"[0.1195279136300087, 0.07637658715248108, 0.08196595311164856, -0.22750377655029297, 0.009912442415952682, 0.060162752866744995, 0.0, 0.0]",2,{},2.6920516,True
"[0.12020959705114365, 0.0718565285205841, 0.06586764752864838, -0.2009081244468689, 0.012178007513284683, 0.04531136900186539, 0.0, 0.0]",2,{},0.18209784,True
"[0.12075214087963104, 0.06735821813344955, 0.052593328058719635, -0.19994181394577026, 0.013824022375047207, 0.03292014077305794, 0.0, 0.0]",3,{},-2.59752,True
"[0.12138853222131729, 0.06227339431643486, 0.06435411423444748, -0.2259848713874817, 0.013111705891788006, -0.014246245846152306, 0.0, 0.0]",2,{},0.4285683,True
"[0.1219819039106369, 0.05727318301796913, 0.06022989749908447, -0.22222109138965607, 0.012228438630700111, -0.017665356397628784, 0.0, 0.0]",2,{},3.789107,True
"[0.12248916923999786, 0.05311833322048187, 0.05196109414100647, -0.18465043604373932, 0.011001340113580227, -0.024541791528463364, 0.0, 0.0]",2,{},3.2192955,True
"[0.1230248436331749, 0.049771081656217575, 0.054636549204587936, -0.14875951409339905, 0.009954486042261124, -0.020937245339155197, 0.0, 0.0]",1,{},-2.2822692,True
"[0.12346925586462021, 0.045821867883205414, 0.0431731715798378, -0.1755313128232956, 0.011203615926206112, 0.024982640519738197, 0.0, 0.0]",3,{},-2.660284,True
"[0.12400436401367188, 0.04127984866499901, 0.05454688519239426, -0.20185846090316772, 0.010173690505325794, -0.02059844508767128, 0.0, 0.0]",2,{},-0.059210848,True
"[0.12448396533727646, 0.036712657660245895, 0.049247678369283676, -0.20297977328300476, 0.008905649185180664, -0.025360962375998497, 0.0, 0.0]",1,{},-2.371463,True
"[0.1248900443315506, 0.03155558928847313, 0.04002968221902847, -0.22920748591423035, 0.009482087567448616, 0.011528713628649712, 0.0, 0.0]",2,{},1.9920802,True
"[0.12543363869190216, 0.02700720727443695, 0.05308735370635986, -0.20216107368469238, 0.010729481466114521, 0.024948274716734886, 0.0, 0.0]",2,{},-0.6425811,True
"[0.12607058882713318, 0.022469624876976013, 0.06197991967201233, -0.20168277621269226, 0.012429773807525635, 0.03400580585002899, 0.0, 0.0]",2,{},1.8954597,True
"[0.12676048278808594, 0.01854172721505165, 0.06696678698062897, -0.1745913028717041, 0.014420926570892334, 0.03982345387339592, 0.0, 0.0]",2,{},1.9351918,True
"[0.12736797332763672, 0.015128097496926785, 0.05907425284385681, -0.15173350274562836, 0.016081340610980988, 0.03320804610848427, 0.0, 0.0]",3,{},-2.9052806,True
"[0.12805691361427307, 0.011106572113931179, 0.06927882134914398, -0.17872974276542664, 0.015700414776802063, -0.007618744857609272, 0.0, 0.0]",2,{},2.4719863,True
"[0.1287483274936676, 0.007768008857965469, 0.06945626437664032, -0.14837725460529327, 0.015393542125821114, -0.006137561984360218, 0.0, 0.0]",2,{},3.2674184,True
"[0.1294187605381012, 0.005320689640939236, 0.06737305968999863, -0.10876678675413132, 0.0150601202622056, -0.006668234709650278, 0.0, 0.0]",2,{},2.4337413,True
"[0.12990817427635193, 0.00333903799764812, 0.05007362365722656, -0.08806215971708298, 0.013939368538558483, -0.022414952516555786, 0.0, 0.0]",0,{},-2.320515,True
"[0.13039760291576385, 0.0007573938346467912, 0.05007362365722656, -0.11472892016172409, 0.012818624265491962, -0.02241496928036213, 0.0, 0.0]",2,{},27.793194,True
"[0.13081255555152893, 0.0004413938440848142, 0.043008074164390564, -0.014061501249670982, 0.011405004188418388, -0.028162652626633644, 1.0, 1.0]",0,{},1.7607923,True
"[0.13106393814086914, 0.0006755685899406672, 0.023371700197458267, 0.0103678023442626, 0.013225024566054344, 0.03649449720978737, 1.0, 1.0]",0,{},-1.2898417,True
"[0.1312641203403473, 0.0013415790162980556, 0.014731098897755146, 0.029542772099375725, 0.01847442425787449, 0.10501804202795029, 1.0, 1.0]",0,{},1.6412957,True
"[0.13141421973705292, 0.0014876341447234154, 0.013871860690414906, 0.006465652026236057, 0.01961694285273552, 0.02289043925702572, 1.0, 1.0]",0,{},0.86407965,True
"[0.13147982954978943, 0.0014932847116142511, 0.006531183607876301, 0.00024264614330604672, 0.019679462537169456, 0.0012872875668108463, 1.0, 1.0]",0,{},0.61304575,True
"[0.13147573173046112, 0.0014923549024388194, -0.00040191999869421124, -4.618666571332142e-05, 0.019684240221977234, 0.00012242788216099143, 1.0, 1.0]",0,{},-0.18618862,True
"[0.13145360350608826, 0.00149178272113204, -0.0022535459138453007, -3.1698535167379305e-05, 0.01971905305981636, 0.0007029344560578465, 1.0, 1.0]",0,{},0.099349625,True
"[0.13144120573997498, 0.0014916039071977139, -0.0012535866117104888, -1.6615606000414118e-05, 0.019738027825951576, 0.0003904249460902065, 1.0, 1.0]",0,{},0.117667384,True
"[0.13144025206565857, 0.0014916753862053156, -7.764276961097494e-05, -1.0404125987406587e-06, 0.01973835378885269, 2.4148854208760895e-05, 1.0, 1.0]",0,{},-0.025498131,True
"[0.13144341111183167, 0.001491818460635841, 0.0003355775843374431, 4.571959834720474e-06, 0.01973222754895687, -0.00010425839718664065, 1.0, 1.0]",0,{},0.010894474,True
"[0.13144560158252716, 0.0014919615350663662, 0.0002287857496412471, 3.130841832899023e-06, 0.019727889448404312, -7.09805462975055e-05, 1.0, 1.0]",0,{},0.019260017,True
"[0.13144579529762268, 0.001492033014073968, 3.719282540259883e-05, 5.135782998877403e-07, 0.0197267085313797, -1.1522627573867794e-05, 1.0, 1.0]",0,{},-0.000977702,True
"[0.13144521415233612, 0.0014921044930815697, -4.7296241973526776e-05, -6.524309128508321e-07, 0.01972695253789425, 1.4646408089902252e-05, 1.0, 1.0]",0,{},0.0007196787,True
"[0.13144473731517792, 0.0014921760885044932, -4.0373044612351805e-05, -5.593865353148431e-07, 0.019727155566215515, 1.2485962542996276e-05, 1.0, 1.0]",0,{},0.0030487839,True
"[0.1314445436000824, 0.001492247567512095, -1.0299621862941422e-05, -1.4528092151522287e-07, 0.019726933911442757, 3.194414148310898e-06, 1.0, 1.0]",0,{},0.00047408906,True
"[0.1314445436000824, 0.0014923191629350185, 5.9885655900870916e-06, 8.821310615303446e-08, 0.019726503640413284, -1.8732498574536294e-06, 1.0, 1.0]",0,{},-4.7897618e-05,True
"[0.13144464790821075, 0.0014923191629350185, 6.763260898878798e-06, 9.90204256368088e-08, 0.019726112484931946, -2.1190096504142275e-06, 1.0, 1.0]",0,{},0.0004789813,True
"[0.13144464790821075, 0.0014923191629350185, 2.2681726932205493e-06, 3.676968773902445e-08, 0.019725818186998367, -7.109609327926592e-07, 1.0, 1.0]",0,{},0.00017404386,True
"[0.13144464790821075, 0.0014923191629350185, -7.326834179366415e-07, -1.874036037463611e-08, 0.019725613296031952, 2.8008318508909724e-07, 1.0, 1.0]",0,{},-2.8484952e-05,True
"[0.13144464790821075, 0.0014923191629350185, -1.1853055639221566e-06, -1.577974906297186e-08, 0.01972544565796852, 4.081583426795987e-07, 1.0, 1.0]",0,{},8.0517915e-05,True
"[0.13144464790821075, 0.0014923191629350185, -5.34830974174838e-07, -2.290839462570915e-10, 0.019725291058421135, 1.3530525677651895e-07, 1.0, 1.0]",0,{},6.63398e-05,True
"[0.13144464790821075, 0.0014923191629350185, 1.8345952312870395e-08, -2.9521733946324957e-09, 0.019725143909454346, 7.935876844555878e-09, 1.0, 1.0]",0,{},-1.9291272e-06,True
"[0.13144464790821075, 0.0014923191629350185, 1.6376080225199985e-07, 1.5922937635082235e-08, 0.019725017249584198, -1.1836063862347146e-07, 1.0, 1.0]",0,{},1.8046094e-05,True
"[0.13144464790821075, 0.0014923191629350185, 1.002286111884132e-07, 1.549197925498902e-08, 0.019724899902939796, -1.291725482133188e-07, 1.0, 1.0]",0,{},1.7527276e-05,True
"[0.13144464790821075, 0.0014923191629350185, -1.1782692155293262e-08, -1.031180585364666e-09, 0.019724814221262932, 7.843755867043001e-08, 1.0, 1.0]",0,{},3.2630405e-07,True
"[0.13144464790821075, 0.0014923191629350185, -7.797315504376456e-08, -1.4691798000399103e-08, 0.01972474344074726, 1.1660510779165634e-07, 1.0, 1.0]",0,{},5.9359127e-06,True
"[0.13144464790821075, 0.0014923191629350185, -8.377858051744624e-08, -1.538028371328437e-08, 0.019724678248167038, 1.3942336352101847e-07, 1.0, 1.0]",0,{},6.71167e-06,True
"[0.13144464790821075, 0.0014923191629350185, -7.236571519797508e-08, -1.5182944679281718e-08, 0.01972462236881256, 1.377355118847845e-07, 1.0, 1.0]",0,{},3.867043e-06,True
"[0.13144464790821075, 0.0014923191629350185, -7.271135871178558e-08, -1.5697134259085033e-08, 0.019724583253264427, 1.384532595238852e-07, 1.0, 1.0]",0,{},4.6738537e-06,True
"[0.13144464790821075, 0.0014923191629350185, -7.269606783211202e-08, -1.493331858171132e-08, 0.019724536687135696, 1.383046281944189e-07, 1.0, 1.0]",0,{},3.5422443e-06,True
"[0.13144464790821075, 0.0014923191629350185, -7.262830337140258e-08, -1.5102175510151028e-08, 0.01972450129687786, 1.389404786777959e-07, 1.0, 1.0]",0,{},100.0,True
